Nom;Prenom;Fonction
Roi;Parfett;Tuyauteur
Lila;Hiorn;Conducteur de travaux
Wilburt;MacKilroe;Automaticien
Cynde;Tombleson;Tuyauteur
Theresina;Glossup;Automaticien
Shandra;McKelloch;Conducteur de travaux
Miller;Searle;Conducteur de travaux
Ceil;Barabisch;Électricien
Clevie;Conybear;Étude electrique
Beatrisa;Spikeings;Étude electrique
Danna;Bibbie;Étude electrique
Traci;Pheby;Étude electrique
Anderson;Gabrieli;Conducteur de travaux
Chrystal;Petchell;Automaticien
Dion;Munnis;Conducteur de travaux
Modesta;Mayhou;Étude electrique
Ansel;Jaszczak;Tuyauteur
Nancey;Andrzejowski;Conducteur de travaux
Fremont;Vines;Conducteur de travaux
Oates;Langeley;Conducteur de travaux
Agatha;Seeviour;Conducteur de travaux
Talbert;MacGahey;Conducteur de travaux
Gianni;Waddam;Tuyauteur
Antonie;Woollcott;Étude electrique
Arlie;Fairnington;Automaticien
Velvet;Hagergham;Étude electrique
Steven;Lorden;Automaticien
Lennie;Box;Conducteur de travaux
Jackqueline;Winders;Automaticien
Flossie;Lohden;Étude electrique
Issiah;MacGaughie;Étude electrique
Gelya;Barff;Étude electrique
Caresse;Dressel;Électricien
Zebulen;Spelling;Étude electrique
Winonah;Maghull;Tuyauteur
Gladys;Hulance;Conducteur de travaux
Sam;Baile;Étude electrique
Zachery;Stokes;Conducteur de travaux
Clarinda;Anderl;Automaticien
Franky;Fante;Étude electrique
Morton;Hebborne;Étude electrique
Pierre;Pinner;Automaticien
Guthrey;Raybould;Automaticien
Courtney;Lorkins;Conducteur de travaux
Osmond;Bushnell;Étude electrique
Debor;Wheway;Conducteur de travaux
Callie;Greengrass;Électricien
Lotti;Pawlowicz;Étude electrique
Dinah;Saunper;Tuyauteur
Matthias;Stredder;Tuyauteur
Teri;Parks;Conducteur de travaux
Mair;Amphlett;Conducteur de travaux
Cynthy;Hembry;Tuyauteur
Eimile;Rebeiro;Automaticien
Tab;McCrudden;Automaticien
Robinson;Lightwing;Tuyauteur
Anabel;Repp;Tuyauteur
Sapphire;Waldrum;Automaticien
Lida;Daspar;Tuyauteur
Kelby;Saggers;Étude electrique
Jillian;Ghelarducci;Conducteur de travaux
Bryna;Redier;Automaticien
Justino;O' Shea;Tuyauteur
Gherardo;Syddie;Tuyauteur
Aldrich;Andersen;Conducteur de travaux
Brett;Yushachkov;Électricien
Elana;Murby;Conducteur de travaux
Lanna;McShirrie;Automaticien
Judith;Batteson;Tuyauteur
Stanislaus;Stennard;Tuyauteur
Gare;Rainbow;Tuyauteur
Karlan;Wheater;Automaticien
Ninette;Dutnell;Étude electrique
Gerik;Chimes;Conducteur de travaux
Ealasaid;Goudie;Étude electrique
Benedicta;Chafer;Étude electrique
Marleen;Chaudhry;Électricien
Austine;Prettjohn;Conducteur de travaux
Dolli;Tubb;Étude electrique
Muffin;MacCallam;Automaticien
Bebe;Baldi;Tuyauteur
Nonna;Scholz;Tuyauteur
Alfredo;Fidgett;Électricien
Ricard;Hedlestone;Étude electrique
Clarice;MacCarroll;Électricien
Wilek;Flecknoe;Électricien
Mada;Haensel;Conducteur de travaux
Zach;Habberjam;Tuyauteur
Corey;Rackham;Automaticien
Odo;Hastler;Tuyauteur
Shandee;Perdue;Électricien
Leone;Vasic;Tuyauteur
Elset;Conklin;Automaticien
Dagny;Dey;Automaticien
Marjorie;Daveran;Étude electrique
Laureen;Blizard;Électricien
Raven;Ferrini;Étude electrique
Adria;Cuseick;Conducteur de travaux
Florinda;Caddan;Automaticien
Rita;Bustard;Automaticien
Katuscha;Timperley;Automaticien
Yurik;Elsegood;Étude electrique
Jandy;Secretan;Automaticien
Klemens;Eynald;Tuyauteur
Opal;Gawthrope;Conducteur de travaux
Philbert;Fossey;Électricien
Janelle;Blumsom;Automaticien
Donalt;MacKonochie;Conducteur de travaux
Ainslie;Andrew;Tuyauteur
Cullen;Kochs;Tuyauteur
Griff;Lippitt;Étude electrique
Coralyn;Griffitts;Automaticien
Ban;Sivier;Conducteur de travaux
Harmonia;Linck;Étude electrique
Theo;Farnhill;Automaticien
Ignacius;Iannelli;Automaticien
Creight;Geldart;Conducteur de travaux
Norman;Lakin;Électricien
Francoise;Withinshaw;Étude electrique
Nesta;Poznanski;Électricien
Nichole;McGilben;Étude electrique
Lazaro;O'Caherny;Tuyauteur
Margalo;Barkley;Électricien
Eleni;Macieiczyk;Électricien
Judas;Claiton;Électricien
Rebeca;Halliburton;Électricien
Lane;Secretan;Tuyauteur
Lock;Jossel;Tuyauteur
Lacee;Bankes;Étude electrique
Innis;Bonnett;Conducteur de travaux
Daniella;Grouen;Tuyauteur
Ernesto;Klesse;Électricien
Mathilda;Hassin;Tuyauteur
Maximo;Follet;Tuyauteur
Peggie;Jolliffe;Automaticien
Rica;Hause;Conducteur de travaux
Andreana;Link;Tuyauteur
Rosalinde;Drivers;Électricien
Emma;Northway;Tuyauteur
Ram;Wilson;Électricien
Gillian;Parke;Électricien
Linnet;Grancher;Conducteur de travaux
Teodoor;Horley;Automaticien
Yoshi;Liepins;Étude electrique
Mignon;Melody;Étude electrique
Legra;Darnell;Automaticien
Lolly;Cockran;Étude electrique
Avram;Castro;Électricien
Yetta;Carrack;Conducteur de travaux
Andrej;Bertolaccini;Étude electrique
Daniel;Cleyburn;Étude electrique
Brockie;McDavid;Étude electrique
Vinny;Kingsnode;Conducteur de travaux
Chrystal;Tyrwhitt;Tuyauteur
Luelle;Vondra;Automaticien
Kit;Bulgen;Tuyauteur
Maryrose;Horbath;Électricien
Lynnet;Archibould;Étude electrique
Allsun;Tribell;Électricien
Carlie;Vigneron;Conducteur de travaux
Lanni;Doull;Électricien
Krishnah;De Morena;Étude electrique
Juliane;Stenson;Étude electrique
Dun;Male;Automaticien
Norma;Dunster;Électricien
Darren;Jopson;Électricien
Sacha;Sheirlaw;Étude electrique
Doloritas;Jindacek;Étude electrique
Bail;Spong;Tuyauteur
Winni;Gilcriest;Tuyauteur
Delmar;Hanfrey;Conducteur de travaux
Belva;Esberger;Conducteur de travaux
Diena;Haliburn;Électricien
Ruthie;Soames;Tuyauteur
Michaeline;Nanelli;Étude electrique
Sofie;Gauchier;Électricien
Sandye;Maving;Étude electrique
Shell;Nilles;Automaticien
Sharity;Sadry;Étude electrique
Rory;Harryman;Étude electrique
Merell;McTeer;Électricien
Moise;Thake;Automaticien
Jarvis;Hugnot;Tuyauteur
Nicolea;Moncreiff;Étude electrique
Meade;Arter;Tuyauteur
Kristal;Vallow;Étude electrique
Norrie;Twede;Étude electrique
Alanson;Fremantle;Étude electrique
Jacob;Botley;Électricien
Diann;Caltun;Conducteur de travaux
Zelma;Plenty;Électricien
Artus;Chapell;Électricien
Tori;Manis;Automaticien
Gustie;Mateuszczyk;Automaticien
Trina;Skeemor;Automaticien
Taffy;Bockler;Tuyauteur
Stormie;Milkins;Électricien
Kaile;Khalid;Automaticien
Tanney;Elizabeth;Étude electrique
Llewellyn;Garard;Tuyauteur
Maude;Savory;Tuyauteur
Fabien;Danshin;Conducteur de travaux
Addy;Southey;Conducteur de travaux
Vinny;Cornborough;Automaticien
Kaia;Claworth;Conducteur de travaux
Gwenneth;Milner;Électricien
Brier;Hartas;Automaticien
Wyatt;Alleburton;Étude electrique
Yuma;Purkis;Électricien
Deane;Ollerhad;Étude electrique
Gilberto;Hirthe;Automaticien
Leda;Clemens;Étude electrique
Ashlin;Ruffle;Automaticien
Benedicta;Skeene;Électricien
Grenville;Caplen;Tuyauteur
Ripley;Girk;Conducteur de travaux
Gweneth;Franzman;Automaticien
Shanan;Allnatt;Conducteur de travaux
Domingo;McKeon;Électricien
Noell;Arson;Électricien
Buiron;Bellee;Électricien
Aldous;Saladine;Tuyauteur
Cynde;Belford;Tuyauteur
Jacquenetta;Matejovsky;Électricien
Caron;Lundbeck;Électricien
Vincents;Francklin;Étude electrique
Phoebe;Kunkel;Étude electrique
Agnella;Wareing;Étude electrique
Gene;Casterot;Conducteur de travaux
Field;O'Scandall;Tuyauteur
Celia;Mixhel;Électricien
Prinz;Bosket;Étude electrique
Derron;Bennitt;Électricien
Piotr;Crates;Conducteur de travaux
Stacey;Dand;Automaticien
Tamma;St. John;Conducteur de travaux
Charline;Greggersen;Étude electrique
Thia;Bradlaugh;Étude electrique
Sephira;Fibben;Automaticien
Jacquelin;Newlands;Automaticien
Silvanus;Winfield;Conducteur de travaux
Lyn;Tenwick;Conducteur de travaux
Harv;Zanardii;Automaticien
Thorny;Carnson;Tuyauteur
Trish;Tefft;Étude electrique
Isaak;Odell;Électricien
Nellie;Growden;Tuyauteur
Moore;Arnaldi;Étude electrique
Dalia;Canete;Conducteur de travaux
Aridatha;Pischel;Automaticien
Dani;Buffey;Tuyauteur
Herbert;Abercromby;Automaticien
Gelya;Olek;Automaticien
Cathlene;Fairleigh;Conducteur de travaux
Reginald;Cashmore;Étude electrique
Wilma;Crumb;Électricien
Smith;Storrock;Tuyauteur
Grata;Widdicombe;Étude electrique
Meryl;Hazeldene;Électricien
Cristabel;Sicha;Tuyauteur
Grace;Twede;Tuyauteur
Caron;Hancell;Électricien
Kearney;Speer;Étude electrique
Horten;Charge;Automaticien
Hillel;Spottiswood;Conducteur de travaux
Lothario;Tuxill;Étude electrique
Sari;Beams;Étude electrique
Philip;Havock;Conducteur de travaux
Edin;Chewter;Conducteur de travaux
Suzette;Reddle;Étude electrique
Ezra;Stancliffe;Tuyauteur
Hobard;Purser;Électricien
Genna;Canape;Électricien
Ranee;Williamson;Conducteur de travaux
Katya;Narramore;Conducteur de travaux
Armand;Vaudrey;Conducteur de travaux
Lolita;Mechic;Conducteur de travaux
Lynsey;Ritson;Automaticien
Jaine;Growcock;Tuyauteur
Perice;Randals;Conducteur de travaux
Tamarra;Cottesford;Électricien
Lyndsay;Amberg;Conducteur de travaux
Aldin;Morgue;Conducteur de travaux
Lock;Aliberti;Étude electrique
Shirlene;Dollman;Conducteur de travaux
Jasmine;Casel;Conducteur de travaux
Korella;Hannaby;Tuyauteur
Ignacio;Attenborough;Électricien
Duky;Todeo;Électricien
Janessa;Poynser;Étude electrique
Binny;Bazylets;Automaticien
Haily;Rumble;Automaticien
Dewitt;Crunkhurn;Automaticien
Jereme;Simkovitz;Tuyauteur
Gordy;Finch;Électricien
Morly;Berkowitz;Tuyauteur
Milzie;Tchir;Étude electrique
Edwina;Di Frisco;Étude electrique
Pippo;Laker;Étude electrique
Elwood;Covolini;Électricien
